<?xml version = "1.0" encoding = "utf-8" ?>

<!--********** Copyright 2016 Roku Corp.  All Rights Reserved. **********-->

<component name = "PCRenderablesExample" extends = "Scene" >

  <script type = "text/brightscript" >

    <![CDATA[

    sub init()
      m.top.backgroundURI = "pkg:/images/rsgde_bg_hd.jpg"

      example = m.top.findNode("exampleRenderables")

      examplerect = example.boundingRect()
      centerx = (1280 - examplerect.width) / 2
      centery = (720 - examplerect.height) / 2
      example.translation = [ centerx, centery ]

      m.top.setFocus(true)
    end sub

    ]]>

  </script>

  <children >

    <Group id = "exampleRenderables" >

      <Poster 
        id = "examplePoster" 
        width = "512" 
        height = "288" 
        uri = "http://sdktestinglab.com/Tutorial/images/videopg.jpg" >

        <Rectangle 
          id = "bottomRectangle" 
          translation = "[ 0, 244 ]" 
          width = "512" 
          height = "34" 
          color = "0x1010EBFF" >

          <Label 
            id = "bottomLabel" 
            width = "512" 
            height = "34" 
            font = "font:SmallBoldSystemFont" 
            text = "All the Best Videos...All the Time!" 
            horizAlign = "center" 
            vertAlign = "center" />

        </Rectangle>

      </Poster>

    </Group>

  </children>

</component>
